id_videojuego,titulo_videojuego,lanzamiento,id_desarrollador
1,Borderlands 3,1986-07-23,1
2,Resident Evil Village,2008-04-22,2
3,The Elder Scrolls V: Skyrim,2000-03-06,3
4,Fortnite,1999-02-01,4
5,Little Nightmares II,1983-03-22,5
6,Devil May Cry 5,2001-08-29,6
7,Assassin's Creed Odyssey,2021-07-01,7
8,New World,1978-08-06,8
9,Persona 5,2011-10-25,9
10,Diablo IV,1986-04-04,10
11,Tom Clancy's The Division 2,1976-02-28,11
12,Far Cry 6,2021-07-10,12
13,Assassin's Creed Odyssey,1978-01-10,13
14,Tom Clancy's The Division 2,2005-03-21,14
15,Little Nightmares II,1984-02-22,15
16,Rainbow Six Siege,2004-12-12,16
17,Marvel's Avengers,2016-02-15,17
18,Tom Clancy's Rainbow Six Quarantine,2005-05-18,18
19,Rainbow Six Siege,2012-12-31,19
20,Marvel's Spider-Man: Miles Morales,2016-01-26,20
21,Sackboy: A Big Adventure,2013-03-01,21
22,Death Stranding,1988-01-04,22
23,Counter-Strike: Global Offensive,2019-07-15,23
24,The Witcher 3: Wild Hunt,1988-06-21,24
25,Rainbow Six Siege,1990-11-15,25
26,Cyberpunk 2077,2016-04-10,26
27,Call of Duty: Modern Warfare,1990-02-12,27
28,FIFA 20,2022-07-06,28
29,Phasmophobia,2018-01-17,29
30,God of War,1989-03-27,30
31,Far Cry 6,2019-10-11,31
32,New World,1994-08-03,32
33,Destiny 2,2015-12-15,33
34,Godfall,2009-02-06,34
35,Biomutant,2014-06-21,35
36,Madden NFL 20,1977-12-05,36
37,NBA 2K20,1977-05-31,37
38,Star Wars Jedi: Fallen Order,1977-02-21,38
39,Red Dead Redemption 2,1993-03-05,39
40,Psychonauts 2,1987-08-18,40
41,Control,2015-10-20,41
42,Death Stranding,2022-07-24,42
43,Tom Clancy's Rainbow Six Quarantine,2016-09-09,43
44,Counter-Strike: Global Offensive,1984-11-16,44
45,League of Legends,1989-03-26,45
46,Apex Legends,2010-08-13,46
47,Little Nightmares II,2002-09-23,47
48,Ghost of Tsushima,2004-06-19,48
49,Vampire: The Masquerade - Bloodlines 2,1984-10-15,49
50,The Legend of Zelda: Link's Awakening,2010-10-30,50
51,Star Wars Jedi: Fallen Order,1998-02-17,51
52,Scarlet Nexus,1983-11-02,52
53,Call of Duty: Modern Warfare,1983-04-22,53
54,Horizon Forbidden West,1985-07-29,54
55,Phasmophobia,2022-10-06,55
56,Little Nightmares II,2014-07-31,56
57,Fortnite,2016-03-13,57
58,Ghost of Tsushima,1992-05-30,58
59,Animal Crossing: New Horizons,1992-01-07,59
60,The Elder Scrolls V: Skyrim,2010-09-28,60
61,Valorant,1987-04-07,61
62,Final Fantasy VII Remake,2019-01-26,62
63,Spider-Man,1998-04-19,63
64,Call of Duty: Modern Warfare,2008-12-23,64
65,Marvel's Avengers,1987-02-19,65
66,God of War,1993-11-06,66
67,Borderlands 3,2002-08-04,67
68,Star Wars Battlefront II,1986-05-11,68
69,Yakuza: Like a Dragon,2002-05-21,69
70,Animal Crossing: New Horizons,2006-04-18,70
71,Fortnite,2019-06-25,71
72,No More Heroes III,2006-12-04,72
73,Resident Evil 2,2003-01-04,73
74,Sekiro: Shadows Die Twice,2015-10-08,74
75,Hogwarts Legacy,1987-01-15,75
76,The Elder Scrolls V: Skyrim,1990-08-14,76
77,The Medium,2004-07-05,77
78,Star Wars Jedi: Fallen Order,2015-10-29,78
79,Biomutant,1999-09-06,79
80,Assassin's Creed Odyssey,2009-07-19,80
81,Fortnite,1989-08-08,81
82,Monster Hunter: World,2008-05-01,82
83,Among Us,1984-11-14,83
84,The Medium,2013-10-23,84
85,Death Stranding,1976-03-07,85
86,Psychonauts 2,1991-06-11,86
87,Doom Eternal,2000-10-18,87
88,Psychonauts 2,1998-02-09,88
89,Minecraft,1986-05-08,89
90,Devil May Cry 5,2017-05-28,90
91,Rainbow Six Siege,1978-10-27,91
92,No More Heroes III,1986-01-06,92
93,League of Legends,2016-12-31,93
94,Assassin's Creed Valhalla,2004-07-24,94
95,Destiny 2,2012-01-02,95
96,Rainbow Six Siege,2004-10-25,96
97,Battlefield V,1998-12-29,97
98,Sackboy: A Big Adventure,1991-03-16,98
99,NBA 2K20,1990-06-05,99
100,Control,1992-01-25,100
101,PlayerUnknown's Battlegrounds,1985-07-01,101
102,Little Nightmares II,1978-07-13,102
103,Fortnite,2004-11-27,103
104,NBA 2K20,2011-06-04,104
105,Dota 2,2015-07-02,105
106,League of Legends,1988-10-04,106
107,Call of Duty: Modern Warfare,2009-10-27,107
108,Devil May Cry 5,1984-09-12,108
109,Spider-Man,1976-06-13,109
110,The Legend of Zelda: Breath of the Wild,1981-11-15,110
111,Minecraft,1997-10-05,111
112,Psychonauts 2,1981-04-12,112
113,Animal Crossing: New Horizons,2005-01-15,113
114,Godfall,2012-05-29,114
115,Fall Guys: Ultimate Knockout,2002-03-19,115
116,Horizon Forbidden West,1993-08-21,116
117,Rainbow Six Siege,2015-08-24,117
118,Back 4 Blood,2018-03-21,118
119,Diablo IV,2012-10-13,119
120,Animal Crossing: New Horizons,1990-05-15,120
121,The Elder Scrolls V: Skyrim,2014-11-21,121
122,Marvel's Avengers,1992-07-21,122
123,Fortnite,1978-07-14,123
124,Assassin's Creed Valhalla,1982-12-23,124
125,Tom Clancy's Rainbow Six Quarantine,2019-11-17,125
126,Sackboy: A Big Adventure,2008-03-14,126
127,Phasmophobia,1980-08-04,127
128,Super Mario Odyssey,2008-08-07,128
129,Watch Dogs: Legion,1986-11-27,129
130,Assassin's Creed Valhalla,2006-03-18,130
131,The Witcher 3: Wild Hunt,2020-07-19,131
132,The Witcher 3: Wild Hunt,1995-05-28,132
133,No More Heroes III,1992-10-14,133
134,FIFA 20,2006-12-11,134
135,Biomutant,2016-09-27,135
136,The Legend of Zelda: Breath of the Wild,2010-07-03,136
137,Phasmophobia,1986-03-25,137
138,Assassin's Creed Odyssey,1984-09-27,138
139,Demon's Souls,1979-04-10,139
140,Grand Theft Auto V,1981-10-17,140
141,Godfall,2008-10-03,141
142,Spider-Man,2021-03-06,142
143,Tom Clancy's The Division 2,1999-04-11,143
144,Phasmophobia,1984-11-25,144
145,Luigi's Mansion 3,1982-10-26,145
146,The Medium,1991-12-04,146
147,Horizon Forbidden West,1977-11-21,147
148,Apex Legends,2012-06-10,148
149,Yakuza: Like a Dragon,2009-08-17,149
150,Persona 5,1990-04-15,150
151,Apex Legends,1992-04-02,151
152,Tom Clancy's The Division 2,1984-12-27,152
153,NBA 2K20,2019-09-15,153
154,Dark Souls III,1999-03-17,154
155,Monster Hunter: World,2019-07-30,155
156,Luigi's Mansion 3,2009-03-21,156
157,Pokémon Sword and Shield,1983-11-22,157
158,Hitman 3,2019-03-02,158
159,The Outer Worlds,1981-07-25,159
160,Dota 2,2001-08-12,160
161,Hogwarts Legacy,1989-06-03,161
162,Tom Clancy's Rainbow Six Quarantine,1976-09-11,162
163,Chivalry 2,1988-12-01,163
164,Spider-Man,1990-11-04,164
165,Animal Crossing: New Horizons,2012-11-17,165
166,Persona 5,1993-01-17,166
167,Cyberpunk 2077,1999-02-09,167
168,Apex Legends,2000-04-12,168
169,Marvel's Spider-Man: Miles Morales,1993-06-24,169
170,Rainbow Six Siege,2006-09-23,170
171,Resident Evil Village,1979-07-01,171
172,Spider-Man,1990-08-10,172
173,The Outer Worlds,1992-03-27,173
174,No More Heroes III,2008-05-20,174
175,Marvel's Spider-Man: Miles Morales,2000-01-16,175
176,Horizon Forbidden West,2002-03-02,176
177,Star Wars Jedi: Fallen Order,1996-01-06,177
178,Animal Crossing: New Horizons,1989-11-02,178
179,Control,2014-10-19,179
180,God of War,1983-05-14,180
181,Fortnite,2007-04-08,181
182,Tom Clancy's Rainbow Six Quarantine,2016-06-05,182
183,Resident Evil Village,2023-07-07,183
184,Borderlands 3,2009-05-11,184
185,Devil May Cry 5,1983-01-21,185
186,Animal Crossing: New Horizons,1977-04-21,186
187,Tom Clancy's The Division 2,2005-11-22,187
188,God of War,1981-08-04,188
189,Vampire: The Masquerade - Bloodlines 2,1979-05-16,189
190,Diablo IV,1976-09-16,190
191,Monster Hunter Rise,2020-09-07,191
192,Pokémon Sword and Shield,1996-09-06,192
193,Sackboy: A Big Adventure,1995-01-05,193
194,Overwatch,1987-09-14,194
195,Dark Souls III,1981-11-13,195
196,Chivalry 2,1992-03-14,196
197,Super Mario Odyssey,1979-12-24,197
198,Assassin's Creed Valhalla,1989-12-15,198
199,Dying Light 2,1991-05-31,199
200,Godfall,2006-07-28,200
201,Among Us,2008-04-08,201
202,Super Smash Bros. Ultimate,2007-01-28,202
203,Star Wars Battlefront II,2020-09-22,203
204,Halo Infinite,2018-03-01,204
205,League of Legends,1987-03-13,205
206,Among Us,1987-06-19,206
207,Cyberpunk 2077,2008-11-21,207
208,Phasmophobia,2005-11-30,208
209,God of War,2000-06-01,209
210,Sackboy: A Big Adventure,1981-10-14,210
211,Tom Clancy's Rainbow Six Quarantine,1996-12-26,211
212,Tom Clancy's Rainbow Six Quarantine,2022-06-10,212
213,Borderlands 3,1989-02-17,213
214,Diablo IV,2022-06-05,214
215,NBA 2K20,1992-08-30,215
216,Marvel's Avengers,1982-08-25,216
217,Yakuza: Like a Dragon,2010-06-01,217
218,Tom Clancy's The Division 2,2016-11-18,218
219,God of War,1985-07-22,219
220,Cyberpunk 2077,2021-04-20,220
221,Super Mario Odyssey,2018-11-08,221
222,Grand Theft Auto V,1983-09-29,222
223,Minecraft,2014-09-15,223
224,The Legend of Zelda: Breath of the Wild,1983-08-31,224
225,Hitman 3,1993-01-24,225
226,Bravely Default II,1980-02-06,226
227,Super Mario Odyssey,2014-10-25,227
228,League of Legends,1996-02-11,228
229,Yakuza: Like a Dragon,1979-08-29,229
230,Death Stranding,2015-07-07,230
231,Yakuza: Like a Dragon,2021-01-17,231
232,Psychonauts 2,1987-11-01,232
233,Gears 5,2022-10-08,233
234,Doom Eternal,2004-06-25,234
235,God of War,2006-02-17,235
236,The Witcher 3: Wild Hunt,2006-02-11,236
237,The Medium,1978-03-24,237
238,Minecraft,1978-07-20,238
239,Control,1984-02-15,239
240,Ghost of Tsushima,1978-10-30,240
241,Diablo IV,2002-08-10,241
242,Rainbow Six Siege,1997-08-01,242
243,The Last of Us Part II,2015-03-02,243
244,Marvel's Spider-Man: Miles Morales,1980-01-26,244
245,Tom Clancy's Rainbow Six Quarantine,2008-04-10,245
246,Among Us,2012-12-05,246
247,Red Dead Redemption 2,1997-05-24,247
248,New World,2002-10-26,248
249,Biomutant,2018-06-27,249
250,Star Wars Battlefront II,2015-12-02,250
251,New World,2023-04-18,251
252,Far Cry 6,2012-09-17,252
253,PlayerUnknown's Battlegrounds,1997-06-26,253
254,Madden NFL 20,2010-06-09,254
255,The Last of Us Part II,1985-06-08,255
256,Doom Eternal,1989-03-07,256
257,Outriders,1978-07-22,257
258,Little Nightmares II,1982-09-30,258
259,Little Nightmares II,2004-01-04,259
260,Dota 2,1998-09-15,260
261,Call of Duty: Modern Warfare,2003-09-29,261
262,Doom Eternal,2018-10-10,262
263,The Medium,1997-10-06,263
264,NBA 2K20,1981-05-06,264
265,Dota 2,1996-06-28,265
266,Hitman 3,2007-08-16,266
267,NBA 2K20,1980-11-15,267
268,NBA 2K20,1993-10-12,268
269,Marvel's Spider-Man: Miles Morales,2005-07-25,269
270,Dota 2,2011-12-25,270
271,The Last of Us Part II,2021-08-21,271
272,Fall Guys: Ultimate Knockout,2010-06-04,272
273,League of Legends,2020-04-14,273
274,Phasmophobia,1981-12-24,274
275,Apex Legends,2010-02-02,275
276,Outriders,2002-08-12,276
277,Marvel's Avengers,2018-06-24,277
278,No More Heroes III,1979-08-11,278
279,Rainbow Six Siege,1996-04-24,279
280,Fortnite,1976-03-01,280
281,The Outer Worlds,1991-08-18,281
282,Chivalry 2,1991-09-22,282
283,Tom Clancy's Rainbow Six Quarantine,1993-01-11,283
284,Chivalry 2,2017-09-06,284
285,Hogwarts Legacy,1983-04-07,285
286,Back 4 Blood,2008-03-12,286
287,Super Mario Odyssey,1981-07-24,287
288,God of War,2022-01-22,288
289,Call of Duty: Warzone,2020-12-27,289
290,The Legend of Zelda: Breath of the Wild,2000-04-12,290
291,Assassin's Creed Odyssey,2004-01-31,291
292,Death Stranding,2021-09-01,292
293,New World,1986-12-11,293
294,Hitman 3,2017-01-22,294
295,World of Warcraft: Shadowlands,2010-12-25,295
296,Godfall,1981-03-12,296
297,FIFA 20,2001-08-07,297
298,The Last of Us Part II,2003-07-03,298
299,Monster Hunter: World,2006-07-14,299
300,Chivalry 2,2004-03-03,300
301,The Witcher 3: Wild Hunt,2021-04-07,301
302,Madden NFL 20,1982-10-11,302
303,Monster Hunter Rise,1987-11-01,303
304,Far Cry 6,1993-11-18,304
305,Sekiro: Shadows Die Twice,1975-11-11,305
306,Vampire: The Masquerade - Bloodlines 2,1981-08-11,306
307,The Outer Worlds,2023-05-16,307
308,Fortnite,1994-08-23,308
309,PlayerUnknown's Battlegrounds,1988-02-10,309
310,Madden NFL 20,2017-06-07,310
311,Marvel's Avengers,2003-02-18,311
312,Doom Eternal,2001-10-02,312
313,Animal Crossing: New Horizons,2003-12-09,313
314,Back 4 Blood,1987-05-26,314
315,Final Fantasy VII Remake,2012-03-19,315
316,Counter-Strike: Global Offensive,1990-08-31,316
317,Minecraft,2013-05-30,317
318,Animal Crossing: New Horizons,2008-07-16,318
319,Animal Crossing: New Horizons,1994-08-21,319
320,The Outer Worlds,1992-07-19,320
321,Hitman 3,1994-02-16,321
322,Tom Clancy's The Division 2,2018-05-05,322
323,Dying Light 2,1999-08-05,323
324,Chivalry 2,1978-01-18,324
325,Psychonauts 2,1990-04-19,325
326,No More Heroes III,1996-06-11,326
327,Vampire: The Masquerade - Bloodlines 2,1992-09-14,327
328,The Last of Us Part II,2007-08-16,328
329,Balan Wonderworld,1995-03-10,329
330,Back 4 Blood,1990-02-11,330
331,Resident Evil Village,1994-08-04,331
332,Counter-Strike: Global Offensive,1986-05-27,332
333,The Last of Us Part II,1978-03-13,333
334,Resident Evil 2,1986-09-09,334
335,Pokémon Sword and Shield,1982-06-11,335
336,Death Stranding,1992-04-08,336
337,League of Legends,2014-12-22,337
338,World of Warcraft: Shadowlands,1988-08-21,338
339,Psychonauts 2,1995-11-23,339
340,The Legend of Zelda: Breath of the Wild,1999-04-13,340
341,The Elder Scrolls V: Skyrim,1999-01-05,341
342,Madden NFL 20,1981-06-26,342
343,Among Us,1977-04-12,343
344,Battlefield V,2018-04-07,344
345,Madden NFL 20,2013-07-06,345
346,Bravely Default II,2019-10-15,346
347,Far Cry 6,1991-04-05,347
348,Rainbow Six Siege,2011-07-17,348
349,Monster Hunter: World,2009-12-04,349
350,The Outer Worlds,1996-09-04,350
351,Hitman 3,1980-03-24,351
352,Yakuza: Like a Dragon,1985-05-01,352
353,Dying Light 2,2003-04-11,353
354,Genshin Impact,1990-08-05,354
355,Star Wars Jedi: Fallen Order,1983-05-21,355
356,Sackboy: A Big Adventure,1989-06-15,356
357,Grand Theft Auto V,2011-10-07,357
358,Vampire: The Masquerade - Bloodlines 2,1995-02-12,358
359,Biomutant,1992-12-21,359
360,Call of Duty: Modern Warfare,1998-05-24,360
361,Super Smash Bros. Ultimate,1981-10-24,361
362,Overwatch,1999-02-21,362
363,PlayerUnknown's Battlegrounds,2002-11-12,363
364,God of War,1995-08-13,364
365,Vampire: The Masquerade - Bloodlines 2,1986-10-08,365
366,Back 4 Blood,2010-11-24,366
367,New World,2019-01-12,367
368,The Legend of Zelda: Breath of the Wild,2017-07-05,368
369,Yakuza: Like a Dragon,2002-11-02,369
370,Marvel's Spider-Man: Miles Morales,2013-01-07,370
371,Minecraft,2002-04-25,371
372,Fortnite,1977-04-30,372
373,Ratchet & Clank: Rift Apart,2011-11-16,373
374,Minecraft,2003-01-28,374
375,Genshin Impact,2010-11-08,375
376,Spider-Man,1978-11-19,376
377,Super Mario Odyssey,2006-01-25,377
378,Little Nightmares II,1978-09-11,378
379,Apex Legends,2000-02-15,379
380,Minecraft,1992-09-22,380
381,Biomutant,2013-11-11,381
382,Ratchet & Clank: Rift Apart,1982-02-02,382
383,Dark Souls III,1976-12-02,383
384,Vampire: The Masquerade - Bloodlines 2,1986-07-20,384
385,World of Warcraft: Shadowlands,2011-04-05,385
386,Sekiro: Shadows Die Twice,1996-04-12,386
387,Monster Hunter: World,2017-04-25,387
388,Devil May Cry 5,1978-09-10,388
389,Psychonauts 2,2002-06-07,389
390,Diablo IV,2001-07-15,390
391,Vampire: The Masquerade - Bloodlines 2,2000-03-01,391
392,Dark Souls III,2022-08-18,392
393,Madden NFL 20,1983-07-18,393
394,Psychonauts 2,1985-06-08,394
395,Dota 2,2019-11-27,395
396,Doom Eternal,2015-10-04,396
397,Persona 5,2012-10-02,397
398,The Witcher 3: Wild Hunt,1976-05-29,398
399,Monster Hunter: World,2019-02-05,399
400,Ghost of Tsushima,2010-09-12,400
401,Genshin Impact,1990-06-02,401
402,Madden NFL 20,2017-02-20,402
403,Diablo IV,1977-03-19,403
404,The Elder Scrolls V: Skyrim,2015-06-01,404
405,New World,1999-09-09,405
406,Yakuza: Like a Dragon,1999-12-19,406
407,Super Mario Odyssey,2010-01-26,407
408,Fortnite,2000-08-04,408
409,Diablo IV,2002-03-13,409
410,Final Fantasy VII Remake,2010-08-07,410
411,Persona 5,2017-12-30,411
412,Dark Souls III,2006-07-05,412
413,Destiny 2,2018-02-24,413
414,God of War,2017-08-30,414
415,Ghost of Tsushima,2022-12-12,415
416,Resident Evil Village,2010-05-01,416
417,The Last of Us Part II,2021-05-16,417
418,Battlefield V,1976-09-15,418
419,The Legend of Zelda: Breath of the Wild,2016-04-19,419
420,Monster Hunter: World,2019-07-12,420
421,Super Mario Odyssey,1979-09-03,421
422,Far Cry 6,2023-09-11,422
423,Phasmophobia,1996-05-07,423
424,Balan Wonderworld,2020-02-03,424
425,Ghost of Tsushima,1995-05-22,425
426,Assassin's Creed Valhalla,2018-05-01,426
427,New World,2000-07-15,427
428,Halo Infinite,2015-02-01,428
429,Marvel's Avengers,2017-03-05,429
430,Devil May Cry 5,2006-05-22,430
431,Chivalry 2,2018-03-21,431
432,FIFA 20,1987-04-29,432
433,The Legend of Zelda: Breath of the Wild,1992-04-09,433
434,Ratchet & Clank: Rift Apart,2006-04-02,434
435,Luigi's Mansion 3,2019-09-29,435
436,Rainbow Six Siege,1995-07-12,436
437,Fall Guys: Ultimate Knockout,2008-12-07,437
438,Godfall,1985-07-29,438
439,Battlefield V,1990-11-25,439
440,Fortnite,2018-03-30,440
441,Horizon Forbidden West,1984-01-09,441
442,Persona 5,2009-01-14,442
443,NBA 2K20,2010-10-13,443
444,Ratchet & Clank: Rift Apart,2017-09-09,444
445,Balan Wonderworld,1977-01-14,445
446,Marvel's Spider-Man: Miles Morales,1997-12-09,446
447,Hogwarts Legacy,1984-08-03,447
448,Cyberpunk 2077,1991-03-17,448
449,Hitman 3,2018-03-06,449
450,Monster Hunter: World,2001-08-30,450
451,FIFA 20,2019-01-21,451
452,Tom Clancy's Rainbow Six Quarantine,2018-04-03,452
453,Control,2021-04-13,453
454,Persona 5,2021-11-04,454
455,Fortnite,1977-05-08,455
456,Yakuza: Like a Dragon,1977-01-24,456
457,World of Warcraft: Shadowlands,1995-03-05,457
458,God of War,1996-04-11,458
459,Minecraft,1994-05-08,459
460,Dying Light 2,2020-05-08,460
461,Little Nightmares II,1978-10-05,461
462,Pokémon Sword and Shield,1989-01-23,462
463,Final Fantasy VII Remake,1993-09-06,463
464,Animal Crossing: New Horizons,2003-07-30,464
465,Overwatch,2007-11-10,465
466,Among Us,2011-10-01,466
467,Rainbow Six Siege,2022-08-28,467
468,Final Fantasy VII Remake,1990-05-19,468
469,Rainbow Six Siege,2020-06-19,469
470,Scarlet Nexus,2004-11-29,470
471,Cyberpunk 2077,2000-05-16,471
472,Phasmophobia,1978-10-28,472
473,Apex Legends,2004-04-11,473
474,Control,2020-09-20,474
475,Destiny 2,1993-11-29,475
476,The Legend of Zelda: Breath of the Wild,1986-07-15,476
477,Super Mario Odyssey,1985-07-15,477
478,Psychonauts 2,2001-05-08,478
479,Sekiro: Shadows Die Twice,1985-04-03,479
480,Destiny 2,2000-03-09,480
481,Back 4 Blood,1996-05-20,481
482,Hitman 3,1976-05-31,482
483,Red Dead Redemption 2,1979-12-29,483
484,Call of Duty: Warzone,1984-04-22,484
485,Call of Duty: Warzone,1989-05-29,485
486,God of War,1988-08-05,486
487,Cyberpunk 2077,2010-03-28,487
488,Scarlet Nexus,2010-08-28,488
489,The Outer Worlds,1978-12-19,489
490,Dying Light 2,2018-04-05,490
491,Spider-Man,1999-05-10,491
492,Pokémon Sword and Shield,1981-07-14,492
493,Rainbow Six Siege,2008-01-18,493
494,Dark Souls III,2004-12-19,494
495,Call of Duty: Modern Warfare,1988-08-16,495
496,NBA 2K20,2021-04-11,496
497,The Medium,1993-08-03,497
498,Hogwarts Legacy,2015-01-15,498
499,Fortnite,2002-10-21,499
500,Little Nightmares II,2010-02-04,500
501,Tom Clancy's The Division 2,1979-05-13,501
502,Destiny 2,1981-08-22,502
503,Bravely Default II,1980-03-28,503
504,Vampire: The Masquerade - Bloodlines 2,2007-01-05,504
505,Marvel's Avengers,2017-03-31,505
506,Biomutant,1991-08-13,506
507,Balan Wonderworld,2023-09-28,507
508,NBA 2K20,2010-11-27,508
509,Dark Souls III,2004-10-04,509
510,Resident Evil Village,2017-01-25,510
511,Scarlet Nexus,1979-02-02,511
512,The Witcher 3: Wild Hunt,2018-03-03,512
513,Ratchet & Clank: Rift Apart,2004-03-03,513
514,Psychonauts 2,2008-12-20,514
515,Genshin Impact,1989-03-21,515
516,Apex Legends,2008-12-02,516
517,Sekiro: Shadows Die Twice,1999-11-21,517
518,Marvel's Spider-Man: Miles Morales,1999-02-21,518
519,Overwatch,1999-10-07,519
520,Destiny 2,2009-07-10,520
521,Tom Clancy's Rainbow Six Quarantine,1995-05-31,521
522,The Elder Scrolls V: Skyrim,1979-04-25,522
523,Fortnite,1988-01-11,523
524,The Outer Worlds,2022-04-24,524
525,Red Dead Redemption 2,2021-06-28,525
526,Fall Guys: Ultimate Knockout,2000-03-23,526
527,Borderlands 3,1977-02-25,527
528,Ratchet & Clank: Rift Apart,1999-10-16,528
529,Final Fantasy VII Remake,1982-12-27,529
530,Marvel's Spider-Man: Miles Morales,2005-09-18,530
531,Resident Evil 2,2007-10-05,531
532,Devil May Cry 5,2003-07-27,532
533,The Last of Us Part II,1984-03-12,533
534,Sackboy: A Big Adventure,2008-02-02,534
535,Fortnite,2012-03-06,535
536,Chivalry 2,2023-10-06,536
537,Red Dead Redemption 2,2000-07-24,537
538,FIFA 20,1989-11-02,538
539,Fortnite,1978-02-24,539
540,Star Wars Jedi: Fallen Order,2022-03-31,540
541,World of Warcraft: Shadowlands,1978-06-23,541
542,Super Mario Odyssey,2021-06-30,542
543,The Legend of Zelda: Link's Awakening,1999-02-22,543
544,League of Legends,2016-09-08,544
545,Doom Eternal,2015-05-17,545
546,Monster Hunter Rise,1992-06-10,546
547,Madden NFL 20,1979-04-05,547
548,Yakuza: Like a Dragon,2010-07-09,548
549,Star Wars Battlefront II,1994-10-25,549
550,Overwatch,2005-03-10,550
551,No More Heroes III,1992-05-04,551
552,Dota 2,2000-01-21,552
553,PlayerUnknown's Battlegrounds,2005-08-29,553
554,Genshin Impact,2004-10-17,554
555,Borderlands 3,2019-12-25,555
556,Doom Eternal,1999-10-18,556
557,Yakuza: Like a Dragon,2022-04-28,557
558,Fortnite,1985-01-06,558
559,Destiny 2,1978-03-19,559
560,The Medium,1995-09-22,560
561,Minecraft,1995-01-30,561
562,Diablo IV,1997-06-18,562
563,Halo Infinite,2005-08-06,563
564,Battlefield V,1989-06-25,564
565,Dota 2,2017-03-21,565
566,League of Legends,1999-07-06,566
567,Phasmophobia,1991-12-02,567
568,Resident Evil 2,1993-06-06,568
569,Marvel's Spider-Man: Miles Morales,1979-04-06,569
570,Star Wars Jedi: Fallen Order,2004-09-08,570
571,Control,1978-03-09,571
572,Monster Hunter Rise,2006-03-31,572
573,Diablo IV,1984-05-21,573
574,Final Fantasy VII Remake,2023-09-27,574
575,Fall Guys: Ultimate Knockout,2016-02-03,575
576,Grand Theft Auto V,1994-10-18,576
577,Little Nightmares II,2010-01-19,577
578,League of Legends,1990-04-06,578
579,The Last of Us Part II,2019-06-22,579
580,Madden NFL 20,2006-10-12,580
581,Battlefield V,2017-08-24,581
582,Vampire: The Masquerade - Bloodlines 2,1985-09-26,582
583,Minecraft,2018-12-26,583
584,Phasmophobia,1977-08-18,584
585,Chivalry 2,2018-11-19,585
586,Outriders,1984-12-09,586
587,The Elder Scrolls V: Skyrim,2004-02-20,587
588,Assassin's Creed Odyssey,2022-08-18,588
589,Halo Infinite,1995-04-20,589
590,The Medium,1980-04-17,590
591,Bravely Default II,2018-12-28,591
592,Dota 2,1998-07-30,592
593,Vampire: The Masquerade - Bloodlines 2,2002-10-22,593
594,Grand Theft Auto V,1980-08-02,594
595,The Last of Us Part II,2006-07-21,595
596,Apex Legends,2004-11-10,596
597,The Witcher 3: Wild Hunt,1982-12-02,597
598,Devil May Cry 5,2000-07-11,598
599,Super Mario Odyssey,1998-03-18,599
600,Bravely Default II,2004-09-28,600
601,Fortnite,2008-09-01,601
602,Diablo IV,1989-12-21,602
603,Far Cry 6,2007-06-13,603
604,The Witcher 3: Wild Hunt,1995-11-01,604
605,Diablo IV,1988-01-07,605
606,The Legend of Zelda: Breath of the Wild,2006-01-05,606
607,Doom Eternal,2020-11-10,607
608,Phasmophobia,2000-01-13,608
609,Gears 5,2023-05-22,609
610,Call of Duty: Warzone,1992-11-27,610
611,Pokémon Sword and Shield,1985-07-19,611
612,Chivalry 2,2010-01-19,612
613,Call of Duty: Modern Warfare,1997-04-23,613
614,Call of Duty: Modern Warfare,2019-08-07,614
615,Horizon Forbidden West,2018-02-28,615
616,Hitman 3,1986-11-11,616
617,The Legend of Zelda: Breath of the Wild,2010-03-03,617
618,PlayerUnknown's Battlegrounds,1999-08-16,618
619,Marvel's Spider-Man: Miles Morales,2023-07-20,619
620,Minecraft,2018-03-08,620
621,Diablo IV,1988-05-07,621
622,Yakuza: Like a Dragon,1999-10-16,622
623,Spider-Man,1992-09-11,623
624,Monster Hunter Rise,2012-03-17,624
625,Animal Crossing: New Horizons,1977-01-14,625
626,Psychonauts 2,1998-06-08,626
627,Resident Evil 2,1987-11-11,627
628,Red Dead Redemption 2,1990-04-25,628
629,Counter-Strike: Global Offensive,1997-06-26,629
630,Halo Infinite,2001-01-23,630
631,Super Mario Odyssey,2016-02-18,631
632,Rainbow Six Siege,2020-07-29,632
633,Rainbow Six Siege,2009-02-24,633
634,The Medium,2007-11-29,634
635,The Medium,2005-05-15,635
636,Battlefield V,1999-09-18,636
637,New World,1989-07-24,637
638,Battlefield V,2005-01-27,638
639,Death Stranding,1999-09-25,639
640,Hogwarts Legacy,1980-12-10,640
641,League of Legends,1982-10-01,641
642,Assassin's Creed Valhalla,1995-09-09,642
643,Diablo IV,1988-01-31,643
644,Doom Eternal,2023-01-06,644
645,Rainbow Six Siege,2003-02-04,645
646,Destiny 2,2020-02-26,646
647,Valorant,1979-01-10,647
648,Horizon Forbidden West,2019-07-09,648
649,Rainbow Six Siege,1990-11-15,649
650,Assassin's Creed Odyssey,1993-08-07,650
651,Marvel's Avengers,2022-07-04,651
652,The Outer Worlds,1984-09-03,652
653,Biomutant,2020-02-08,653
654,Battlefield V,2017-08-22,654
655,No More Heroes III,1977-09-24,655
656,Far Cry 6,2014-12-08,656
657,Control,2021-02-22,657
658,Phasmophobia,2009-01-12,658
659,Grand Theft Auto V,2003-12-15,659
660,Fortnite,2017-03-04,660
661,NBA 2K20,2003-04-01,661
662,Fall Guys: Ultimate Knockout,1993-02-04,662
663,Valorant,2001-03-12,663
664,Doom Eternal,2014-04-03,664
665,Fortnite,2000-03-07,665
666,Pokémon Sword and Shield,1985-09-15,666
667,Death Stranding,2018-08-29,667
668,PlayerUnknown's Battlegrounds,1990-10-15,668
669,New World,1991-07-13,669
670,Final Fantasy VII Remake,2012-07-17,670
671,Marvel's Spider-Man: Miles Morales,2016-08-07,671
672,Halo Infinite,2007-01-28,672
673,Genshin Impact,1989-12-17,673
674,Super Smash Bros. Ultimate,2019-12-28,674
675,Gears 5,2011-02-12,675
676,Grand Theft Auto V,1995-12-14,676
677,Sekiro: Shadows Die Twice,1998-07-01,677
678,Minecraft,2006-08-18,678
679,Spider-Man,2009-10-09,679
680,Death Stranding,2010-04-14,680
681,Outriders,2000-09-08,681
682,Rainbow Six Siege,2023-03-05,682
683,The Legend of Zelda: Breath of the Wild,2014-02-11,683
684,PlayerUnknown's Battlegrounds,1978-07-28,684
685,Bravely Default II,2001-04-15,685
686,No More Heroes III,2017-03-21,686
687,Ghost of Tsushima,2010-08-29,687
688,The Legend of Zelda: Breath of the Wild,1996-05-20,688
689,Bravely Default II,1982-07-26,689
690,Super Smash Bros. Ultimate,1997-05-13,690
691,Grand Theft Auto V,2013-11-10,691
692,Fortnite,1991-05-17,692
693,God of War,2001-06-29,693
694,Minecraft,1989-03-12,694
695,Persona 5,1991-11-23,695
696,Minecraft,1979-05-27,696
697,Gears 5,2014-11-07,697
698,Cyberpunk 2077,2007-06-18,698
699,Pokémon Sword and Shield,1984-05-14,699
700,Watch Dogs: Legion,1999-11-27,700
701,Destiny 2,2010-02-13,701
702,Marvel's Spider-Man: Miles Morales,1999-03-18,702
703,Pokémon Sword and Shield,1997-06-28,703
704,Star Wars Jedi: Fallen Order,2006-08-13,704
705,Vampire: The Masquerade - Bloodlines 2,2018-07-30,705
706,Dota 2,2019-11-12,706
707,New World,2008-01-27,707
708,The Last of Us Part II,2013-06-15,708
709,The Outer Worlds,1986-05-01,709
710,Tom Clancy's Rainbow Six Quarantine,1998-03-23,710
711,The Last of Us Part II,1993-04-20,711
712,Balan Wonderworld,1988-08-29,712
713,The Last of Us Part II,1992-12-06,713
714,The Outer Worlds,1998-04-14,714
715,Call of Duty: Modern Warfare,2010-02-07,715
716,Ghost of Tsushima,1989-08-02,716
717,Sekiro: Shadows Die Twice,1985-01-27,717
718,Monster Hunter Rise,1991-05-17,718
719,Madden NFL 20,1983-03-12,719
720,Dying Light 2,1984-09-11,720
721,Cyberpunk 2077,1992-09-07,721
722,Gears 5,2014-01-27,722
723,Star Wars Battlefront II,2019-07-28,723
724,Fortnite,1983-05-30,724
725,Godfall,2006-08-19,725
726,Spider-Man,1981-10-17,726
727,Super Smash Bros. Ultimate,2016-06-25,727
728,Counter-Strike: Global Offensive,1988-05-06,728
729,Phasmophobia,1987-01-29,729
730,Assassin's Creed Valhalla,2013-03-26,730
731,Spider-Man,2008-08-13,731
732,The Legend of Zelda: Link's Awakening,2011-03-24,732
733,Hitman 3,2000-04-10,733
734,Ratchet & Clank: Rift Apart,2001-05-11,734
735,Far Cry 6,1980-08-22,735
736,The Last of Us Part II,1996-04-10,736
737,Far Cry 6,2020-10-16,737
738,Yakuza: Like a Dragon,2003-12-08,738
739,Super Smash Bros. Ultimate,1993-05-19,739
740,Luigi's Mansion 3,1989-02-21,740
741,Control,1999-12-04,741
742,Tom Clancy's The Division 2,2007-09-26,742
743,PlayerUnknown's Battlegrounds,1988-03-15,743
744,Outriders,1979-12-21,744
745,Tom Clancy's Rainbow Six Quarantine,1991-07-14,745
746,Spider-Man,1990-06-10,746
747,The Legend of Zelda: Link's Awakening,2019-05-02,747
748,Horizon Forbidden West,2007-12-28,748
749,Demon's Souls,1991-08-01,749
750,World of Warcraft: Shadowlands,1996-09-19,750
751,Tom Clancy's The Division 2,2019-12-12,751
752,Dying Light 2,2006-05-16,752
753,Hitman 3,1998-12-26,753
754,Far Cry 6,1986-10-04,754
755,The Legend of Zelda: Link's Awakening,1993-06-26,755
756,Ratchet & Clank: Rift Apart,1998-07-04,756
757,Monster Hunter: World,2009-10-12,757
758,Balan Wonderworld,2018-08-21,758
759,Counter-Strike: Global Offensive,1979-08-27,759
760,Animal Crossing: New Horizons,2008-07-24,760
761,Spider-Man,2008-06-17,761
762,Scarlet Nexus,2005-11-01,762
763,Scarlet Nexus,2000-08-29,763
764,Dark Souls III,1994-11-07,764
765,Dota 2,1999-10-16,765
766,Devil May Cry 5,2002-10-26,766
767,Psychonauts 2,2015-07-11,767
768,NBA 2K20,1982-12-30,768
769,Marvel's Spider-Man: Miles Morales,1999-04-21,769
770,League of Legends,1980-11-11,770
771,Control,1996-10-28,771
772,Cyberpunk 2077,1985-12-22,772
773,Apex Legends,2016-08-23,773
774,Devil May Cry 5,2015-03-11,774
775,FIFA 20,2022-06-17,775
776,The Legend of Zelda: Link's Awakening,1993-05-21,776
777,Spider-Man,1979-04-03,777
778,Ghost of Tsushima,1982-04-11,778
779,Monster Hunter Rise,2000-06-15,779
780,The Witcher 3: Wild Hunt,2012-05-05,780
781,Diablo IV,1981-02-13,781
782,Vampire: The Masquerade - Bloodlines 2,1991-01-17,782
783,Resident Evil 2,2010-11-18,783
784,Horizon Forbidden West,2015-10-07,784
785,League of Legends,2001-12-31,785
786,Super Mario Odyssey,1995-02-26,786
787,Fall Guys: Ultimate Knockout,2012-10-04,787
788,Yakuza: Like a Dragon,1983-10-02,788
789,Star Wars Jedi: Fallen Order,2006-01-20,789
790,Assassin's Creed Valhalla,1982-04-29,790
791,Animal Crossing: New Horizons,2012-11-28,791
792,Resident Evil 2,2002-02-12,792
793,Among Us,2012-08-30,793
794,Ratchet & Clank: Rift Apart,2002-06-09,794
795,Death Stranding,1984-04-24,795
796,Cyberpunk 2077,2009-12-24,796
797,Balan Wonderworld,1998-04-29,797
798,Psychonauts 2,2023-06-27,798
799,Chivalry 2,1994-09-16,799
800,Minecraft,2011-01-14,800
801,Biomutant,2005-09-08,801
802,The Elder Scrolls V: Skyrim,2003-06-30,802
803,FIFA 20,1986-04-11,803
804,Little Nightmares II,2020-05-28,804
805,Luigi's Mansion 3,1993-07-28,805
806,Valorant,2003-11-10,806
807,World of Warcraft: Shadowlands,2007-03-05,807
808,Super Smash Bros. Ultimate,2016-01-30,808
809,Fall Guys: Ultimate Knockout,2005-06-06,809
810,PlayerUnknown's Battlegrounds,1986-02-08,810
811,Resident Evil Village,1991-05-12,811
812,Back 4 Blood,1978-11-18,812
813,Far Cry 6,2012-03-04,813
814,The Medium,2022-06-12,814
815,Destiny 2,1990-11-26,815
816,Horizon Forbidden West,1998-09-27,816
817,PlayerUnknown's Battlegrounds,1976-10-16,817
818,Death Stranding,1983-09-17,818
819,Marvel's Spider-Man: Miles Morales,2005-02-25,819
820,Counter-Strike: Global Offensive,2012-03-28,820
821,Horizon Forbidden West,1989-05-12,821
822,League of Legends,1998-02-22,822
823,Final Fantasy VII Remake,2020-06-20,823
824,Bravely Default II,2021-06-11,824
825,New World,2000-08-04,825
826,Control,1975-12-27,826
827,Sackboy: A Big Adventure,1985-11-11,827
828,Borderlands 3,1996-04-16,828
829,Back 4 Blood,1979-11-29,829
830,Persona 5,2001-05-26,830
831,PlayerUnknown's Battlegrounds,2017-03-10,831
832,Fall Guys: Ultimate Knockout,1987-06-16,832
833,Overwatch,2001-01-30,833
834,Minecraft,2017-09-24,834
835,Sackboy: A Big Adventure,1989-06-04,835
836,Counter-Strike: Global Offensive,2010-02-22,836
837,Balan Wonderworld,2000-01-11,837
838,Overwatch,2010-10-26,838
839,Back 4 Blood,2003-01-15,839
840,Godfall,1989-04-18,840
841,Among Us,1978-07-10,841
842,Yakuza: Like a Dragon,2020-08-13,842
843,Hitman 3,2011-10-03,843
844,Apex Legends,1978-10-09,844
845,Control,1990-03-25,845
846,Destiny 2,1989-02-15,846
847,Halo Infinite,2000-04-11,847
848,NBA 2K20,2009-05-19,848
849,Ghost of Tsushima,1992-03-08,849
850,Madden NFL 20,2018-10-07,850
851,New World,2022-07-18,851
852,Demon's Souls,2008-09-14,852
853,Psychonauts 2,1995-12-21,853
854,Watch Dogs: Legion,2009-03-30,854
855,Super Smash Bros. Ultimate,1979-07-19,855
856,Hogwarts Legacy,2011-06-03,856
857,Final Fantasy VII Remake,1995-04-14,857
858,Madden NFL 20,2002-03-08,858
859,Bravely Default II,2013-01-10,859
860,Animal Crossing: New Horizons,1987-01-07,860
861,Counter-Strike: Global Offensive,2013-02-22,861
862,Vampire: The Masquerade - Bloodlines 2,1993-10-20,862
863,PlayerUnknown's Battlegrounds,2015-06-12,863
864,Cyberpunk 2077,1975-11-29,864
865,Fall Guys: Ultimate Knockout,2018-10-26,865
866,Little Nightmares II,1984-11-13,866
867,Call of Duty: Modern Warfare,2008-06-14,867
868,Marvel's Spider-Man: Miles Morales,1993-04-25,868
869,Grand Theft Auto V,2015-11-02,869
870,Doom Eternal,2018-09-29,870
871,Demon's Souls,1998-03-10,871
872,Battlefield V,1998-12-31,872
873,Genshin Impact,2017-11-01,873
874,Call of Duty: Modern Warfare,1980-07-26,874
875,Biomutant,1976-03-29,875
876,Animal Crossing: New Horizons,1999-10-08,876
877,Scarlet Nexus,1980-11-20,877
878,Psychonauts 2,1999-01-01,878
879,Assassin's Creed Odyssey,1999-12-09,879
880,Valorant,2015-09-21,880
881,Hogwarts Legacy,1987-03-20,881
882,Outriders,2023-09-24,882
883,Psychonauts 2,1987-01-17,883
884,Valorant,1984-07-14,884
885,Tom Clancy's The Division 2,2004-05-14,885
886,Grand Theft Auto V,2006-09-04,886
887,Resident Evil 2,1993-09-07,887
888,Tom Clancy's The Division 2,1994-12-24,888
889,Animal Crossing: New Horizons,1999-06-08,889
890,Fortnite,2022-03-17,890
891,Animal Crossing: New Horizons,1976-12-11,891
892,Grand Theft Auto V,2021-01-07,892
893,Minecraft,2013-02-03,893
894,Yakuza: Like a Dragon,2020-10-20,894
895,Red Dead Redemption 2,2007-07-05,895
896,Phasmophobia,1986-08-09,896
897,Grand Theft Auto V,2002-01-18,897
898,Dota 2,1987-04-03,898
899,Minecraft,2003-01-11,899
900,God of War,1996-02-14,900
901,Fortnite,1981-11-17,901
902,Apex Legends,2009-08-16,902
903,Red Dead Redemption 2,2003-02-27,903
904,Scarlet Nexus,1988-10-17,904
905,Apex Legends,2019-02-03,905
906,FIFA 20,2021-12-10,906
907,Animal Crossing: New Horizons,1996-02-07,907
908,Call of Duty: Modern Warfare,1995-09-03,908
909,Scarlet Nexus,1983-02-16,909
910,Dota 2,2004-09-21,910
911,PlayerUnknown's Battlegrounds,1991-01-07,911
912,Sackboy: A Big Adventure,2006-02-21,912
913,Ghost of Tsushima,2003-07-19,913
914,The Legend of Zelda: Link's Awakening,1993-08-26,914
915,Ratchet & Clank: Rift Apart,1996-02-09,915
916,Cyberpunk 2077,2006-04-25,916
917,World of Warcraft: Shadowlands,1980-08-10,917
918,Cyberpunk 2077,1981-02-18,918
919,The Legend of Zelda: Link's Awakening,2005-05-31,919
920,Devil May Cry 5,1990-12-03,920
921,The Outer Worlds,1987-12-30,921
922,Demon's Souls,2008-01-22,922
923,Animal Crossing: New Horizons,2011-10-15,923
924,Marvel's Avengers,2012-04-05,924
925,Minecraft,1990-05-07,925
926,The Elder Scrolls V: Skyrim,1983-04-14,926
927,Madden NFL 20,2017-11-23,927
928,No More Heroes III,2013-04-06,928
929,Star Wars Jedi: Fallen Order,1999-07-03,929
930,The Legend of Zelda: Link's Awakening,1993-07-19,930
931,Control,1982-07-02,931
932,Persona 5,2015-12-09,932
933,Ghost of Tsushima,2008-07-11,933
934,Minecraft,1989-04-01,934
935,Red Dead Redemption 2,1999-12-28,935
936,Far Cry 6,2005-11-13,936
937,Diablo IV,1984-10-05,937
938,PlayerUnknown's Battlegrounds,1978-03-20,938
939,Fall Guys: Ultimate Knockout,2019-03-31,939
940,Sekiro: Shadows Die Twice,2005-11-08,940
941,Halo Infinite,2009-03-21,941
942,Genshin Impact,2014-04-15,942
943,Call of Duty: Warzone,2021-06-08,943
944,Sekiro: Shadows Die Twice,1997-12-13,944
945,Luigi's Mansion 3,2003-03-10,945
946,Minecraft,2020-08-13,946
947,Apex Legends,1999-11-22,947
948,Dark Souls III,2014-07-20,948
949,Red Dead Redemption 2,2022-03-13,949
950,Balan Wonderworld,1976-10-14,950
951,Luigi's Mansion 3,2001-04-19,951
952,Minecraft,2022-11-11,952
953,Fortnite,1988-08-13,953
954,NBA 2K20,1977-09-15,954
955,Vampire: The Masquerade - Bloodlines 2,1984-10-11,955
956,Apex Legends,2015-07-20,956
957,Back 4 Blood,2023-07-12,957
958,The Legend of Zelda: Breath of the Wild,2021-05-05,958
959,Resident Evil Village,2000-04-13,959
960,Tom Clancy's Rainbow Six Quarantine,1998-01-02,960
961,Psychonauts 2,1990-06-30,961
962,Monster Hunter Rise,2002-09-09,962
963,Ratchet & Clank: Rift Apart,1995-05-29,963
964,Call of Duty: Warzone,2012-04-26,964
965,Diablo IV,1992-11-04,965
966,Phasmophobia,2020-06-07,966
967,Hogwarts Legacy,2017-02-24,967
968,Marvel's Avengers,2007-03-13,968
969,Fall Guys: Ultimate Knockout,1978-10-17,969
970,The Elder Scrolls V: Skyrim,2012-01-06,970
971,PlayerUnknown's Battlegrounds,1994-09-13,971
972,Resident Evil Village,2016-04-01,972
973,Cyberpunk 2077,2018-08-05,973
974,Call of Duty: Warzone,2012-11-15,974
975,Animal Crossing: New Horizons,2016-06-06,975
976,Among Us,2014-03-14,976
977,Luigi's Mansion 3,2008-01-06,977
978,Final Fantasy VII Remake,1977-02-21,978
979,God of War,1987-10-18,979
980,Call of Duty: Warzone,1982-10-29,980
981,Sackboy: A Big Adventure,1999-09-21,981
982,Among Us,2013-08-27,982
983,Halo Infinite,1987-11-15,983
984,Assassin's Creed Odyssey,2020-07-15,984
985,The Legend of Zelda: Breath of the Wild,2019-09-16,985
986,Animal Crossing: New Horizons,2008-08-14,986
987,Godfall,2018-02-01,987
988,Balan Wonderworld,2004-03-22,988
989,Star Wars Battlefront II,2001-02-10,989
990,Devil May Cry 5,1998-08-21,990
991,Godfall,1977-06-15,991
992,New World,1991-03-28,992
993,Star Wars Jedi: Fallen Order,2001-05-18,993
994,Pokémon Sword and Shield,1995-11-24,994
995,Counter-Strike: Global Offensive,1991-04-22,995
996,Call of Duty: Modern Warfare,2017-04-19,996
997,Little Nightmares II,1985-09-27,997
998,Overwatch,2001-09-18,998
999,Vampire: The Masquerade - Bloodlines 2,1986-06-07,999
1000,Spider-Man,1999-07-21,1000
